"","name","team","position","age","height","feet","inches","weight","college","salary"
"1","Jaylen Brown","Boston Celtics","SG",24,78,6,6,223,"California",26758928
"2","Kris Dunn","Boston Celtics","PG",27,75,6,3,205,"Providence",5005350
"3","Carsen Edwards","Boston Celtics","PG",23,71,5,11,200,"Purdue",1782621
"4","Bruno Fernando","Boston Celtics","PF",23,81,6,9,240,"Maryland",1782621
"5","Al Horford","Boston Celtics","C",35,81,6,9,240,"Florida",2.7e+07
"6","Enes Kanter","Boston Celtics","C",29,73,6,1,250,"Kentucky",1669178
"7","Romeo Langford","Boston Celtics","SG",21,76,6,4,216,"Indiana",3804360
"8","Aaron Nesmith","Boston Celtics","SF",21,77,6,5,215,"Vanderbilt",3631200
"9","Jabari Parker","Boston Celtics","PF",26,80,6,8,245,"Duke",2283034
"10","Payton Pritchard","Boston Celtics","PG",23,73,6,1,195,"Oregon",2137440
"11","Josh Richardson","Boston Celtics","SG",27,77,6,5,200,"Tennessee",11615328
"12","Dennis Schroder","Boston Celtics","PG",27,75,6,3,172,"nan",5890000
"13","Marcus Smart","Boston Celtics","PG",27,75,6,3,220,"Oklahoma State",14339285
"14","Jayson Tatum","Boston Celtics","SF",23,80,6,8,210,"Duke",28103500
"15","Grant Williams","Boston Celtics","PF",22,78,6,6,236,"Tennessee",2617800
"16","Robert Williams III","Boston Celtics","C",23,80,6,8,237,"Texas A&M",3661976
"17","DeAndre' Bembry","Brooklyn Nets","SG",27,77,6,5,210,"Saint Joseph's",1669178
"18","Bruce Brown","Brooklyn Nets","SF",25,76,6,4,202,"Miami (FL)",4736102
"19","Jevon Carter","Brooklyn Nets","PG",25,73,6,1,200,"West Virginia",3650000
"20","Nicolas Claxton","Brooklyn Nets","PF",22,83,6,11,215,"Georgia",1782621
"21","Sekou Doumbouya","Brooklyn Nets","SF",20,80,6,8,230,"nan",3613680
"22","Kevin Durant","Brooklyn Nets","PF",32,73,6,1,240,"Texas",42018900
"23","Blake Griffin","Brooklyn Nets","PF",32,81,6,9,250,"Oklahoma",1669178
"24","James Harden","Brooklyn Nets","SG",32,77,6,5,220,"Arizona State",44310840
"25","Joe Harris","Brooklyn Nets","SF",30,78,6,6,220,"Virginia",17357143
"26","Kyrie Irving","Brooklyn Nets","PG",29,74,6,2,195,"Duke",35328700
"27","Alize Johnson","Brooklyn Nets","PF",25,79,6,7,212,"Missouri State",1762796
"28","James Johnson","Brooklyn Nets","PF",34,79,6,7,240,"Wake Forest",1669178
"29","Patty Mills","Brooklyn Nets","PG",33,73,6,1,180,"Saint Mary's",5890000
"30","Jahlil Okafor","Brooklyn Nets","C",25,73,6,1,270,"Duke",2130023
"31","Day'Ron Sharpe","Brooklyn Nets","C",19,83,6,11,265,"North Carolina",2009040
"32","Cameron Thomas","Brooklyn Nets","SG",19,76,6,4,210,"LSU",2036280
"33","Dwayne Bacon","New York Knicks","SG",26,78,6,6,221,"Florida State",1824003
"34","RJ Barrett","New York Knicks","SG",21,78,6,6,214,"Duke",8623920
"35","Alec Burks","New York Knicks","SG",30,78,6,6,214,"Colorado",9536000
"36","Evan Fournier","New York Knicks","PG",28,79,6,7,205,"nan",1.7e+07
"37","Taj Gibson","New York Knicks","C",36,81,6,9,232,"USC",4910000
"38","Quentin Grimes","New York Knicks","SG",21,77,6,5,205,"Houston",2168760
"39","Kevin Knox II","New York Knicks","SF",22,79,6,7,215,"Kentucky",5845979
"40","Miles McBride","New York Knicks","PG",20,74,6,2,200,"West Virginia",925258
"41","Nerlens Noel","New York Knicks","C",27,83,6,11,220,"Kentucky",8e+06
"42","Immanuel Quickley","New York Knicks","SG",22,75,6,3,190,"Kentucky",2210640
"43","Julius Randle","New York Knicks","PF",26,80,6,8,250,"Kentucky",21780000
"44","Mitchell Robinson","New York Knicks","C",23,84,7,0,240,"nan",1802057
"45","Derrick Rose","New York Knicks","PG",32,74,6,2,200,"Memphis",13445120
"46","Obi Toppin","New York Knicks","PF",23,81,6,9,220,"Dayton",5105160
"47","Luca Vildoza","New York Knicks","PG",26,75,6,3,190,"nan",3325000
"48","Kemba Walker","New York Knicks","PG",31,72,6,0,184,"Connecticut",36016200
"49","Seth Curry","Philadelphia Sixers","SG",31,74,6,2,185,"Duke",8207518
"50","Andre Drummond","Philadelphia Sixers","C",28,73,6,1,279,"Connecticut",1669178
"51","Joel Embiid","Philadelphia Sixers","C",27,84,7,0,280,"Kansas",31579390
"52","Danny Green","Philadelphia Sixers","SF",34,78,6,6,215,"North Carolina",1e+07
"53","Tobias Harris","Philadelphia Sixers","PF",29,80,6,8,226,"Tennessee",35995950
"54","Isaiah Joe","Philadelphia Sixers","SG",22,76,6,4,165,"Arkansas",1517981
"55","Furkan Korkmaz","Philadelphia Sixers","SG",24,79,6,7,202,"nan",4629630
"56","Tyrese Maxey","Philadelphia Sixers","PG",20,74,6,2,200,"Kentucky",2602920
"57","Shake Milton","Philadelphia Sixers","SG",24,77,6,5,205,"SMU",1846738
"58","Georges Niang","Philadelphia Sixers","PF",28,79,6,7,230,"Iowa State",3300000
"59","Paul Reed","Philadelphia Sixers","SF",22,81,6,9,210,"DePaul",1517981
"60","Ben Simmons","Philadelphia Sixers","PG",25,83,6,11,240,"LSU",33003936
"61","Jaden Springer","Philadelphia Sixers","PG",18,76,6,4,204,"Tennessee",2023800
"62","Matisse Thybulle","Philadelphia Sixers","SG",24,77,6,5,201,"Washington",2840160
"63","Precious Achiuwa","Toronto Raptors","PF",21,80,6,8,225,"Memphis",2711280
"64","OG Anunoby","Toronto Raptors","SF",24,79,6,7,232,"Indiana",16071429
"65","Dalano Banton","Toronto Raptors","PG",21,81,6,9,204,"Nebraska",925258
"66","Scottie Barnes","Toronto Raptors","SF",20,81,6,9,227,"Florida State",7280520
"67","Khem Birch","Toronto Raptors","C",28,81,6,9,233,"UNLV",6350000
"68","Isaac Bonga","Toronto Raptors","PG",21,80,6,8,180,"nan",1669178
"69","Chris Boucher","Toronto Raptors","PF",28,81,6,9,200,"New Mexico JC",7020000
"70","Sam Dekker","Toronto Raptors","PF",27,81,6,9,219,"Wisconsin",1669178
"71","Goran Dragic","Toronto Raptors","PG",35,75,6,3,190,"nan",19440000
"72","Malachi Flynn","Toronto Raptors","PG",23,73,6,1,175,"San Diego State",2048040
"73","Freddie Gillespie","Toronto Raptors","SF",24,81,6,9,245,"Baylor",1517981
"74","Pascal Siakam","Toronto Raptors","PG",27,81,6,9,230,"New Mexico State",33003936
"75","Gary Trent Jr.","Toronto Raptors","SG",22,77,6,5,209,"Duke",1.6e+07
"76","Fred VanVleet","Toronto Raptors","SG",27,73,6,1,197,"Wichita State",19675926
"77","Yuta Watanabe","Toronto Raptors","SF",26,81,6,9,215,"George Washington",1762796
"78","Ryan Arcidiacono","Chicago Bulls","PG",27,75,6,3,195,"Villanova",3e+06
"79","Lonzo Ball","Chicago Bulls","PG",23,78,6,6,190,"UCLA",18604651
"80","Tony Bradley","Chicago Bulls","C",23,73,6,1,248,"North Carolina",1669178
"81","Troy Brown Jr.","Chicago Bulls","SF",22,78,6,6,215,"Oregon",5170564
"82","Alex Caruso","Chicago Bulls","SG",27,76,6,4,186,"Texas A&M",8650651
"83","DeMar DeRozan","Chicago Bulls","SF",32,78,6,6,220,"USC",2.6e+07
"84","Ayo Dosunmu","Chicago Bulls","SG",21,77,6,5,200,"Illinois",925258
"85","Javonte Green","Chicago Bulls","PG",28,76,6,4,205,"Radford",1669178
"86","Derrick Jones Jr.","Chicago Bulls","SF",24,77,6,5,210,"UNLV",9720900
"87","Zach LaVine","Chicago Bulls","SG",26,77,6,5,200,"UCLA",19500000
"88","Nikola Vucevic","Chicago Bulls","C",30,83,6,11,260,"USC",2.4e+07
"89","Coby White","Chicago Bulls","PG",21,77,6,5,195,"North Carolina",5837760
"90","Patrick Williams","Chicago Bulls","PF",20,79,6,7,215,"Florida State",7422000
"91","Jarrett Allen","Cleveland Cavaliers","C",23,83,6,11,243,"Texas",2e+07
"92","Damyean Dotson","Cleveland Cavaliers","SG",27,77,6,5,210,"Houston",2e+06
"93","Darius Garland","Cleveland Cavaliers","PG",21,73,6,1,192,"Vanderbilt",7040880
"94","Mfiondu Kabengele","Cleveland Cavaliers","C",24,81,6,9,250,"Florida State",1701593
"95","Kevin Love","Cleveland Cavaliers","PF",33,80,6,8,251,"UCLA",31258256
"96","Lauri Markkanen","Cleveland Cavaliers","PF",24,84,7,0,240,"Arizona",15690909
"97","Evan Mobley","Cleveland Cavaliers","C",20,84,7,0,215,"USC",8075160
"98","Isaac Okoro","Cleveland Cavaliers","SF",20,77,6,5,225,"Auburn",6720720
"99","Cedi Osman","Cleveland Cavaliers","SF",26,79,6,7,230,"nan",8133334
"100","Ricky Rubio","Cleveland Cavaliers","PG",30,75,6,3,190,"nan",17800000
"101","Collin Sexton","Cleveland Cavaliers","PG",22,73,6,1,190,"Alabama",6439671
"102","Lamar Stevens","Cleveland Cavaliers","PF",24,78,6,6,230,"Penn State",1517981
"103","Dean Wade","Cleveland Cavaliers","PF",24,81,6,9,228,"Kansas State",1782621
"104","Dylan Windler","Cleveland Cavaliers","SG",24,78,6,6,196,"Belmont",2239200
"105","Saddiq Bey","Detroit Pistons","SF",22,79,6,7,215,"Villanova",2824320
"106","Cade Cunningham","Detroit Pistons","PG",19,79,6,7,220,"Oklahoma State",10050120
"107","Hamidou Diallo","Detroit Pistons","SG",23,77,6,5,202,"Kentucky",5200000
"108","Jerami Grant","Detroit Pistons","SF",27,80,6,8,210,"Syracuse",20002500
"109","Killian Hayes","Detroit Pistons","PG",20,77,6,5,195,"nan",5572680
"110","Frank Jackson","Detroit Pistons","PG",23,75,6,3,205,"Duke",3e+06
"111","Josh Jackson","Detroit Pistons","SG",24,80,6,8,207,"Kansas",5005350
"112","Cory Joseph","Detroit Pistons","PG",30,75,6,3,200,"Texas",12600000
"113","Saben Lee","Detroit Pistons","PG",22,74,6,2,183,"Vanderbilt",1489065
"114","Isaiah Livers","Detroit Pistons","PF",23,78,6,6,232,"Michigan",1057260
"115","Trey Lyles","Detroit Pistons","PF",25,81,6,9,234,"Kentucky",2500000
"116","Rodney McGruder","Detroit Pistons","SG",30,76,6,4,205,"Kansas State",1669178
"117","Kelly Olynyk","Detroit Pistons","PF",30,83,6,11,240,"Gonzaga",12195122
"118","Isaiah Stewart","Detroit Pistons","C",20,80,6,8,250,"Washington",3277080
"119","Goga Bitadze","Indiana Pacers","C",22,83,6,11,250,"nan",3098400
"120","Oshae Brissett","Indiana Pacers","SF",23,79,6,7,210,"Syracuse",1701593
"121","Malcolm Brogdon","Indiana Pacers","PG",28,77,6,5,229,"Virginia",21700000
"122","Torrey Craig","Indiana Pacers","SF",30,79,6,7,221,"USC Upstate",4878049
"123","Chris Duarte","Indiana Pacers","SG",24,78,6,6,190,"Oregon",3749400
"124","Justin Holiday","Indiana Pacers","SF",32,78,6,6,180,"Washington",6006420
"125","Isaiah Jackson","Indiana Pacers","PF",19,73,6,1,205,"Kentucky",2451240
"126","Jeremy Lamb","Indiana Pacers","SG",29,77,6,5,180,"Connecticut",10500000
"127","Caris LeVert","Indiana Pacers","SG",27,78,6,6,205,"Michigan",17500000
"128","Kelan Martin","Indiana Pacers","SG",26,77,6,5,230,"Butler",1701593
"129","T.J. McConnell","Indiana Pacers","PG",29,73,6,1,190,"Arizona",7500000
"130","Domantas Saboni","Indiana Pacers","PF",25,83,6,11,240,"Gonzaga",19800000
"131","Edmond Sumner","Indiana Pacers","PG",25,76,6,4,196,"Xavier",2320000
"132","Myles Turner","Indiana Pacers","C",25,83,6,11,250,"Texas",1.8e+07
"133","T.J. Warren","Indiana Pacers","SF",28,80,6,8,220,"North Carolina State",12940000
"134","Grayson Allen","Milwaukee Bucks","SG",25,76,6,4,198,"Duke",4054695
"135","Giannis Antetokounmpo","Milwaukee Bucks","PF",26,83,6,11,242,"nan",39344970
"136","Thanasis Antetokounmpo","Milwaukee Bucks","SF",29,78,6,6,219,"nan",1669178
"137","Elijah Bryant","Milwaukee Bucks","SG",26,77,6,5,210,"BYU",1517981
"138","Pat Connaughton","Milwaukee Bucks","SG",28,77,6,5,209,"Notre Dame",5333334
"139","Donte DiVincenzo","Milwaukee Bucks","SG",24,76,6,4,203,"Villanova",4675830
"140","Mamadi Diakite","Milwaukee Bucks","PF",24,81,6,9,228,"Virginia",1517981
"141","George Hill","Milwaukee Bucks","PG",35,76,6,4,188,"IUPUI",4e+06
"142","Jrue Holiday","Milwaukee Bucks","PG",31,75,6,3,205,"UCLA",32413333
"143","Rodney Hood","Milwaukee Bucks","SG",28,80,6,8,208,"Duke",1669178
"144","Brook Lopez","Milwaukee Bucks","C",33,84,7,0,282,"Stanford",13302325
"145","Khris Middleton","Milwaukee Bucks","SF",30,79,6,7,222,"Texas A&M",35500000
"146","Jordan Nwora","Milwaukee Bucks","SF",22,80,6,8,225,"Louisville",1517981
"147","Semi Ojeleye","Milwaukee Bucks","PF",26,78,6,6,240,"SMU",1669178
"148","Bogdan Bogdanovic","Atlanta Hawks","SG",29,78,6,6,220,"nan",1.8e+07
"149","Clint Capela","Atlanta Hawks","C",27,73,6,1,240,"nan",18603448
"150","John Collins","Atlanta Hawks","PF",23,81,6,9,235,"Wake Forest",2.3e+07
"151","Gorgui Dieng","Atlanta Hawks","C",31,73,6,1,252,"Louisville",4e+06
"152","Danilo Gallinari","Atlanta Hawks","PF",33,73,6,1,233,"nan",20475000
"153","Solomon Hill","Atlanta Hawks","SF",30,78,6,6,226,"Arizona",1669178
"154","Kevin Huerter","Atlanta Hawks","SG",23,79,6,7,190,"Maryland",4253357
"155","De'Andre Hunter","Atlanta Hawks","SF",23,80,6,8,225,"Virginia",7775400
"156","Jalen Johnson","Atlanta Hawks","SF",19,81,6,9,220,"Duke",2659580
"157","Onyeka Okongwu","Atlanta Hawks","PF",20,80,6,8,235,"USC",6104280
"158","Cam Reddish","Atlanta Hawks","SF",22,80,6,8,218,"Duke",4670160
"159","Lou Williams","Atlanta Hawks","SG",34,73,6,1,175,"nan",5e+06
"160","Delon Wright","Atlanta Hawks","SG",29,77,6,5,185,"Utah",8526316
"161","Trae Young","Atlanta Hawks","PG",22,73,6,1,180,"Oklahoma",8326471
"162","LaMelo Ball","Charlotte Hornets","PG",20,78,6,6,180,"nan",8231760
"163","James Bouknight","Charlotte Hornets","SG",20,77,6,5,190,"Connecticut",4154400
"164","Miles Bridges","Charlotte Hornets","SF",23,78,6,6,225,"Michigan State",5421493
"165","Vernon Carey Jr.","Charlotte Hornets","C",20,81,6,9,270,"Duke",1517981
"166","Gordon Hayward","Charlotte Hornets","SF",31,79,6,7,225,"Butler",29925000
"167","Wes Iwundu","Charlotte Hornets","SF",26,78,6,6,195,"Kansas State",1824003
"168","Kai Jones","Charlotte Hornets","PF",20,83,6,11,218,"Texas",2770560
"169","Cody Martin","Charlotte Hornets","SF",25,77,6,5,205,"Nevada",1782621
"170","Jalen McDaniels","Charlotte Hornets","PF",23,81,6,9,205,"San Diego State",1782621
"171","Kelly Oubre Jr.","Charlotte Hornets","SG",25,79,6,7,203,"Kansas",1.2e+07
"172","Mason Plumlee","Charlotte Hornets","C",31,83,6,11,254,"Duke",9248333
"173","Nick Richards","Charlotte Hornets","C",23,84,7,0,245,"Kentucky",1517981
"174","Terry Rozier","Charlotte Hornets","SG",27,73,6,1,190,"Louisville",17905263
"175","Ish Smith","Charlotte Hornets","PG",33,72,6,0,175,"Wake Forest",4500000
"176","JT Thor","Charlotte Hornets","PF",19,73,6,1,205,"Auburn",1250000
"177","P.J. Washington","Charlotte Hornets","PF",23,79,6,7,230,"Kentucky",4215120
"178","Bam Adebayo","Miami Heat","C",24,81,6,9,255,"Kentucky",28103500
"179","Jimmy Butler","Miami Heat","SF",31,79,6,7,230,"Marquette",36016200
"180","Dewayne Dedmon","Miami Heat","C",32,84,7,0,245,"USC",1669178
"181","Udonis Haslem","Miami Heat","PF",41,80,6,8,235,"Florida",1669178
"182","Tyler Herro","Miami Heat","PG",21,77,6,5,195,"Kentucky",4004280
"183","Kyle Lowry","Miami Heat","PG",35,72,6,0,196,"Villanova",26894128
"184","Markieff Morris","Miami Heat","PF",32,81,6,9,245,"Kansas",1669178
"185","KZ Okpala","Miami Heat","SF",22,80,6,8,215,"Stanford",1782621
"186","Victor Oladipo","Miami Heat","SG",29,76,6,4,213,"Indiana",1669178
"187","Duncan Robinson","Miami Heat","SG",27,79,6,7,215,"Michigan",15650000
"188","Max Strus","Miami Heat","SG",25,77,6,5,215,"DePaul",1669178
"189","P.J. Tucker","Miami Heat","PF",36,77,6,5,245,"Texas",7e+06
"190","Gabe Vincent","Miami Heat","PG",25,75,6,3,200,"UC Santa Barbara",1669178
"191","Omer Yurtseven","Miami Heat","C",23,84,7,0,275,"Georgetown",1489065
"192","Cole Anthony","Orlando Magic","PG",21,74,6,2,185,"North Carolina",3449400
"193","Mo Bamba","Orlando Magic","C",23,84,7,0,231,"Texas",7568743
"194","Wendell Carter Jr.","Orlando Magic","C",22,73,6,1,270,"Duke",6920027
"195","Michael Carter-Williams","Orlando Magic","PG",29,77,6,5,190,"Syracuse",3300000
"196","Markelle Fultz","Orlando Magic","PG",23,75,6,3,209,"Washington",16500000
"197","R.J. Hampton","Orlando Magic","PG",20,76,6,4,175,"nan",2303040
"198","Gary Harris","Orlando Magic","SG",26,76,6,4,210,"Michigan State",20482143
"199","Jonathan Isaac","Orlando Magic","PF",23,83,6,11,230,"Florida State",17400000
"200","Robin Lopez","Orlando Magic","C",33,84,7,0,281,"Stanford",5e+06
"201","Chuma Okeke","Orlando Magic","PF",23,78,6,6,229,"Auburn",3277080
"202","Terrence Ross","Orlando Magic","SG",30,78,6,6,206,"Washington",12500000
"203","Jalen Suggs","Orlando Magic","SG",20,76,6,4,205,"Gonzaga",6593040
"204","Franz Wagner","Orlando Magic","SF",20,81,6,9,220,"Michigan",5007840
"205","Moritz Wagner","Orlando Magic","C",24,83,6,11,245,"Michigan",1669178
"206","Deni Avdija","Washington Wizards","SF",20,81,6,9,210,"nan",4692840
"207","Bradley Beal","Washington Wizards","SG",28,75,6,3,207,"Florida",33724200
"208","Davis Bertans","Washington Wizards","SF",28,73,6,1,225,"nan",1.6e+07
"209","Thomas Bryant","Washington Wizards","C",24,73,6,1,248,"Indiana",8666667
"210","Kentavious Caldwell-Pope","Washington Wizards","SG",28,77,6,5,204,"Georgia",13038862
"211","Spencer Dinwiddie","Washington Wizards","PG",28,77,6,5,215,"Colorado",17142857
"212","Daniel Gafford","Washington Wizards","C",22,73,6,1,234,"Arkansas",1782621
"213","Anthony Gill","Washington Wizards","PF",28,79,6,7,230,"Virginia",1517981
"214","Rui Hachimura","Washington Wizards","PF",23,80,6,8,230,"Gonzaga",4916160
"215","Montrezl Harrell","Washington Wizards","C",27,79,6,7,240,"Louisville",9720900
"216","Aaron Holiday","Washington Wizards","PG",24,72,6,0,185,"UCLA",3980551
"217","Caleb Homesley","Washington Wizards","SG",24,78,6,6,205,"Liberty",1517981
"218","Corey Kispert","Washington Wizards","SF",22,79,6,7,220,"Gonzaga",3383640
"219","Kyle Kuzma","Washington Wizards","SF",26,73,6,1,221,"Utah",1.3e+07
"220","Raul Neto","Washington Wizards","PG",29,73,6,1,180,"nan",1669178
"221","Isaiah Todd","Washington Wizards","PF",19,73,6,1,210,"nan",1500000
"222","Nemanja Bjelica","Golden State Warriors","PF",33,73,6,1,234,"nan",1669178
"223","Stephen Curry","Golden State Warriors","PG",33,75,6,3,185,"Davidson",45780966
"224","Draymond Green","Golden State Warriors","PF",31,78,6,6,230,"Michigan State",24026712
"225","Andre Iguodala","Golden State Warriors","PF",37,78,6,6,215,"Arizona",1669178
"226","Jonathan Kuminga","Golden State Warriors","PF",18,79,6,7,225,"nan",5466360
"227","Damion Lee","Golden State Warriors","SG",28,77,6,5,210,"Drexel",1910860
"228","Kevon Looney","Golden State Warriors","C",25,81,6,9,222,"UCLA",5178572
"229","Moses Moody","Golden State Warriors","SG",19,77,6,5,211,"Arkansas",3562200
"230","Mychal Mulder","Golden State Warriors","SG",27,75,6,3,184,"Kentucky",1782621
"231","Gary Payton II","Golden State Warriors","PG",28,75,6,3,195,"Salt Lake CC UT",1977011
"232","Jordan Poole","Golden State Warriors","SG",22,76,6,4,194,"Michigan",2161440
"233","Otto Porter Jr.","Golden State Warriors","SF",28,80,6,8,198,"Georgetown",1669178
"234","Klay Thompson","Golden State Warriors","SG",31,78,6,6,215,"Washington State",37980720
"235","Juan Toscano-Anderson","Golden State Warriors","SF",28,78,6,6,209,"Marquette",1701593
"236","Andrew Wiggins","Golden State Warriors","SF",26,79,6,7,197,"Kansas",31579390
"237","James Wiseman","Golden State Warriors","C",20,84,7,0,240,"Memphis",9166800
"238","Nicolas Batum","Los Angeles Clippers","PF",32,80,6,8,230,"nan",3170029
"239","Eric Bledsoe","Los Angeles Clippers","SG",31,73,6,1,214,"Kentucky",18125000
"240","Yogi Ferrell","Los Angeles Clippers","PG",28,72,6,0,178,"Indiana",1782621
"241","Paul George","Los Angeles Clippers","SG",31,80,6,8,220,"Fresno State",39344900
"242","Serge Ibaka","Los Angeles Clippers","C",31,73,6,1,235,"nan",9720900
"243","Reggie Jackson","Los Angeles Clippers","PG",31,74,6,2,208,"Boston College",10384500
"244","Keon Johnson","Los Angeles Clippers","SG",19,77,6,5,186,"Tennessee",2553120
"245","Luke Kennard","Los Angeles Clippers","SG",25,77,6,5,206,"Duke",13347727
"246","Kawhi Leonard","Los Angeles Clippers","SF",30,79,6,7,225,"San Diego State",36016200
"247","Terance Mann","Los Angeles Clippers","SG",24,77,6,5,215,"Florida State",1782621
"248","Marcus Morris Sr.","Los Angeles Clippers","SF",32,80,6,8,218,"Kansas",15627907
"249","Jason Preston","Los Angeles Clippers","PG",22,76,6,4,187,"Ohio",1062303
"250","Justise Winslow","Los Angeles Clippers","PF",25,78,6,6,222,"Duke",3902439
"251","Ivica Zubac","Los Angeles Clippers","C",24,84,7,0,240,"nan",7518518
"252","Carmelo Anthony","Los Angeles Lakers","PF",37,79,6,7,238,"Syracuse",1669178
"253","Trevor Ariza","Los Angeles Lakers","SF",36,80,6,8,215,"UCLA",1669178
"254","Kent Bazemore","Los Angeles Lakers","SF",32,76,6,4,195,"Old Dominion",1669178
"255","Anthony Davis","Los Angeles Lakers","PF",28,73,6,1,253,"Kentucky",35361360
"256","Wayne Ellington","Los Angeles Lakers","SG",33,76,6,4,207,"North Carolina",1669178
"257","Marc Gasol","Los Angeles Lakers","C",36,83,6,11,255,"nan",2692991
"258","Talen Horton-Tucker","Los Angeles Lakers","SG",20,76,6,4,234,"Iowa State",9500000
"259","Dwight Howard","Los Angeles Lakers","C",35,73,6,1,265,"nan",1669178
"260","LeBron James","Los Angeles Lakers","SF",36,81,6,9,250,"nan",41180544
"261","Malik Monk","Los Angeles Lakers","SG",23,75,6,3,200,"Kentucky",1669178
"262","Kendrick Nunn","Los Angeles Lakers","PG",26,74,6,2,190,"Illinois",5e+06
"263","Rajon Rondo","Los Angeles Lakers","PG",35,73,6,1,180,"Kentucky",1669178
"264","Russell Westbrook","Los Angeles Lakers","PG",32,75,6,3,200,"UCLA",44211146
"265","Deandre Ayton","Phoenix Suns","C",23,83,6,11,250,"Arizona",12632950
"266","Devin Booker","Phoenix Suns","SG",24,77,6,5,206,"Kentucky",31650600
"267","Mikal Bridges","Phoenix Suns","SF",25,78,6,6,209,"Villanova",5557725
"268","Jae Crowder","Phoenix Suns","PF",31,78,6,6,235,"Marquette",9720900
"269","Chandler Hutchison","Phoenix Suns","SF",25,78,6,6,210,"Boise State",4019459
"270","Cameron Johnson","Phoenix Suns","SF",25,80,6,8,210,"North Carolina",4437000
"271","Frank Kaminsky","Phoenix Suns","PF",28,84,7,0,240,"Wisconsin",1669178
"272","JaVale McGee","Phoenix Suns","C",33,84,7,0,270,"Nevada",5e+06
"273","Abdel Nader","Phoenix Suns","SF",27,77,6,5,225,"Iowa State",2e+06
"274","Chris Paul","Phoenix Suns","PG",36,72,6,0,175,"Wake Forest",3e+07
"275","Cameron Payne","Phoenix Suns","PG",27,73,6,1,183,"Murray State",6500000
"276","Elfrid Payton","Phoenix Suns","PG",27,75,6,3,195,"Louisiana-Lafayette",1669178
"277","Dario Saric","Phoenix Suns","PF",27,73,6,1,225,"nan",8510000
"278","Landry Shamet","Phoenix Suns","SG",24,76,6,4,190,"Wichita State",3768342
"279","Jalen Smith","Phoenix Suns","PF",21,73,6,1,215,"Maryland",4458000
"280","Marvin Bagley III","Sacremento Kings","PF",22,83,6,11,235,"Duke",11312114
"281","Harrison Barnes","Sacremento Kings","SF",29,80,6,8,225,"North Carolina",20284091
"282","Terence Davis","Sacremento Kings","SG",24,76,6,4,201,"Ole Miss",4e+06
"283","De'Aaron Fox","Sacremento Kings","PG",23,75,6,3,185,"Kentucky",28103550
"284","Tyrese Haliburton","Sacremento Kings","PG",21,77,6,5,185,"Iowa State",4023600
"285","Maurice Harkless","Sacremento Kings","SF",28,79,6,7,220,"St. John's",4347600
"286","Buddy Hield","Sacremento Kings","SG",28,76,6,4,220,"Oklahoma",22768890
"287","Richaun Holmes","Sacremento Kings","C",27,73,6,1,235,"Bowling Green",10384500
"288","Justin James","Sacremento Kings","SG",24,79,6,7,190,"Wyoming",1782621
"289","Damian Jones","Sacremento Kings","C",26,83,6,11,245,"Vanderbilt",1977011
"290","Alex Len","Sacremento Kings","C",28,84,7,0,250,"Maryland",3732000
"291","Chimezie Metu","Sacremento Kings","PF",24,81,6,9,225,"USC",1762796
"292","Davion Mitchell","Sacremento Kings","PG",23,74,6,2,205,"Baylor",4603320
"293","Jahmi'us Ramsey","Sacremento Kings","SG",20,75,6,3,190,"Texas Tech",1517981
"294","Tristan Thompson","Sacremento Kings","C",30,81,6,9,254,"Texas",9720900
"295","Robert Woodard II","Sacremento Kings","SF",21,78,6,6,235,"Mississippi State",1517981
"296","Moses Brown","Dallas Mavericks","C",21,86,7,2,245,"UCLA",1701593
"297","Sterling Brown","Dallas Mavericks","SF",26,77,6,5,219,"SMU",3e+06
"298","Jalen Brunson","Dallas Mavericks","PG",25,73,6,1,190,"Villanova",1802057
"299","Reggie Bullock","Dallas Mavericks","SF",30,78,6,6,205,"North Carolina",9536000
"300","Trey Burke","Dallas Mavericks","PG",28,72,6,0,185,"Michigan",3150000
"301","Willie Cauley-Stein","Dallas Mavericks","C",28,84,7,0,240,"Kentucky",4100000
"302","Luka Doncic","Dallas Mavericks","PG",22,79,6,7,230,"nan",10174391
"303","Dorian Finney-Smith","Dallas Mavericks","PF",28,79,6,7,220,"Florida",4e+06
"304","Josh Green","Dallas Mavericks","SG",20,77,6,5,200,"Arizona",2957520
"305","Tim Hardaway Jr.","Dallas Mavericks","SF",29,77,6,5,205,"Michigan",21308816
"306","Maxi Kleber","Dallas Mavericks","PF",29,73,6,1,240,"nan",8975000
"307","Boban Marjanovic","Dallas Mavericks","C",33,88,7,4,290,"nan",3500000
"308","Kristaps Porzingis","Dallas Mavericks","C",26,87,7,3,240,"nan",31650600
"309","Dwight Powell","Dallas Mavericks","C",30,73,6,1,240,"Stanford",11080125
"310","Tyrell Terry","Dallas Mavericks","PG",20,74,6,2,160,"Stanford",1517981
"311","D.J. Augustin","Houston Rockets","PG",33,71,5,11,183,"Texas",7e+06
"312","Josh Christopher","Houston Rockets","SG",19,77,6,5,215,"Arizona State",2259240
"313","Usman Garuba","Houston Rockets","PF",19,80,6,8,230,"nan",2353320
"314","Eric Gordon","Houston Rockets","SG",32,75,6,3,215,"Indiana",18218818
"315","Jalen Green","Houston Rockets","SG",19,78,6,6,178,"nan",8992200
"316","Danuel House Jr.","Houston Rockets","SF",28,78,6,6,220,"Texas A&M",3894000
"317","Kenyon Martin Jr.","Houston Rockets","SF",20,78,6,6,215,"nan",1517981
"318","David Nwaba","Houston Rockets","SF",28,77,6,5,219,"Cal Poly",4650000
"319","Kevin Porter Jr.","Houston Rockets","SG",21,76,6,4,203,"USC",1782621
"320","Alperen Sengun","Houston Rockets","C",19,81,6,9,235,"nan",3214680
"321","Jae'Sean Tate","Houston Rockets","SF",25,76,6,4,230,"Ohio State",1517981
"322","Daniel Theis","Houston Rockets","C",29,80,6,8,245,"nan",8280351
"323","Khyri Thomas","Houston Rockets","SG",25,75,6,3,210,"Creighton",1762796
"324","John Wall","Houston Rockets","PG",31,75,6,3,210,"Kentucky",44310840
"325","Christian Wood","Houston Rockets","C",25,73,6,1,214,"UNLV",13666667
"326","Steven Adams","Memphis Grizzlies","C",28,83,6,11,265,"Pittsburgh",17073171
"327","Santi Aldama","Memphis Grizzlies","PF",20,83,6,11,215,"Loyola (MD)",1994520
"328","Kyle Anderson","Memphis Grizzlies","SF",27,81,6,9,230,"UCLA",9937150
"329","Desmond Bane","Memphis Grizzlies","SG",23,77,6,5,215,"TCU",2033160
"330","Dillon Brooks","Memphis Grizzlies","SF",25,79,6,7,225,"Oregon",12200000
"331","Brandon Clarke","Memphis Grizzlies","PF",24,80,6,8,215,"Gonzaga",2726880
"332","Jarrett Culver","Memphis Grizzlies","PG",22,78,6,6,195,"Texas Tech",6395160
"333","Juancho Hernangomez","Memphis Grizzlies","PF",25,81,6,9,214,"nan",6907815
"334","Jaren Jackson Jr.","Memphis Grizzlies","PF",21,83,6,11,242,"Michigan State",9180560
"335","Tyus Jones","Memphis Grizzlies","PG",25,72,6,0,196,"Duke",8376286
"336","John Konchar","Memphis Grizzlies","SG",25,77,6,5,210,"nan",2200000
"337","De'Anthony Melton","Memphis Grizzlies","SG",23,74,6,2,200,"USC",8805976
"338","Sam Merrill","Memphis Grizzlies","SG",25,76,6,4,205,"Utah State",1517981
"339","Ja Morant","Memphis Grizzlies","PG",22,75,6,3,174,"Murray State",9603360
"340","Daniel Oturu","Memphis Grizzlies","C",21,80,6,8,240,"Minnesota",1517981
"341","Jontay Porter","Memphis Grizzlies","PF",21,83,6,11,240,"Missouri",1950000
"342","Xavier Tillman","Memphis Grizzlies","C",22,80,6,8,245,"Michigan State",1517981
"343","Ziaire Williams","Memphis Grizzlies","SG",19,80,6,8,185,"Stanford",4373040
"344","Nickeil Alexander-Walker","New Orleans Pelicans","SG",23,78,6,6,205,"Virginia Tech",3261480
"345","Wenyen Gabriel","New Orleans Pelicans","PF",24,81,6,9,205,"Kentucky",1762796
"346","Devonte' Graham","New Orleans Pelicans","PG",26,73,6,1,195,"Kansas",1.1e+07
"347","Josh Hart","New Orleans Pelicans","SG",26,77,6,5,215,"Villanova",1.2e+07
"348","Jaxson Hayes","New Orleans Pelicans","C",21,83,6,11,220,"Texas",5348280
"349","Willy Hernangomez","New Orleans Pelicans","C",27,83,6,11,250,"nan",2327220
"350","Brandon Ingram","New Orleans Pelicans","SF",24,80,6,8,190,"Duke",29467800
"351","Herbert Jones","New Orleans Pelicans","SF",22,80,6,8,210,"Alabama",1700000
"352","Kira Lewis Jr.","New Orleans Pelicans","PG",20,73,6,1,170,"Alabama",3822240
"353","Didi Louzada","New Orleans Pelicans","SF",22,77,6,5,185,"nan",1786878
"354","Naji Marshall","New Orleans Pelicans","SF",23,79,6,7,220,"Xavier",1517981
"355","Trey Murphy III","New Orleans Pelicans","SG",21,81,6,9,206,"Virginia",3053760
"356","Tomas Satoransky","New Orleans Pelicans","SG",29,79,6,7,210,"nan",1e+07
"357","Garrett Temple","New Orleans Pelicans","SF",35,77,6,5,195,"LSU",4910000
"358","Jonas Valanciunas","New Orleans Pelicans","C",29,83,6,11,265,"nan",1.4e+07
"359","Zion Williamson","New Orleans Pelicans","PF",21,79,6,7,284,"Duke",10733400
"360","Al-Farouq Aminu","San Antonio Spurs","PF",30,80,6,8,220,"Wake Forest",10183800
"361","Zach Collins","San Antonio Spurs","PF",23,83,6,11,250,"Gonzaga",7e+06
"362","Drew Eubanks","San Antonio Spurs","PF",24,81,6,9,245,"Oregon State",1762796
"363","Bryn Forbes","San Antonio Spurs","SG",28,74,6,2,205,"Cleveland State",4500000
"364","DaQuan Jeffries","San Antonio Spurs","SG",24,77,6,5,225,"Western Texas Coll. (J.C.)",1701593
"365","Keldon Johnson","San Antonio Spurs","SF",21,77,6,5,220,"Kentucky",2145720
"366","Tre Jones","San Antonio Spurs","PG",21,73,6,1,185,"Duke",1517981
"367","Jock Landale","San Antonio Spurs","C",25,83,6,11,255,"Saint Mary's",925258
"368","Doug McDermott","San Antonio Spurs","SF",29,79,6,7,225,"Creighton",13750000
"369","Dejounte Murray","San Antonio Spurs","PG",24,76,6,4,180,"Washington",15428880
"370","Jakob Poeltl","San Antonio Spurs","C",25,85,7,1,245,"Utah",8750000
"371","Joshua Primo","San Antonio Spurs","SG",18,78,6,6,190,"Alabama",3946800
"372","Luka Samanic","San Antonio Spurs","PF",21,73,6,1,227,"nan",2959080
"373","Devin Vassell","San Antonio Spurs","SG",21,77,6,5,200,"Florida State",4235160
"374","Lonnie Walker IV","San Antonio Spurs","SG",22,76,6,4,204,"Miami (FL)",4447896
"375","Derrick White","San Antonio Spurs","PG",27,76,6,4,190,"Colorado",15178571
"376","Thaddeus Young","San Antonio Spurs","PF",33,80,6,8,235,"Georgia Tech",14190000
"377","Will Barton","Denver Nuggets","SF",30,78,6,6,181,"Memphis",15625000
"378","Bol Bol","Denver Nuggets","C",21,86,7,2,220,"Oregon",2161152
"379","Facundo Campazzo","Denver Nuggets","PG",30,61,5,1,195,"nan",3200000
"380","Vlatko Cancar","Denver Nuggets","SF",24,80,6,8,236,"nan",1782621
"381","PJ Dozier","Denver Nuggets","SG",24,78,6,6,205,"South Carolina",1910860
"382","Aaron Gordon","Denver Nuggets","PF",25,80,6,8,235,"Arizona",16409091
"383","JaMychal Green","Denver Nuggets","PF",31,80,6,8,227,"Alabama",8200000
"384","Jeff Green","Denver Nuggets","PF",35,80,6,8,235,"Georgetown",4500000
"385","Nah'Shon Hyland","Denver Nuggets","PG",20,75,6,3,165,"Virginia Commonwealth",2096880
"386","Nikola Jokic","Denver Nuggets","C",26,83,6,11,284,"nan",31579390
"387","Monte Morris","Denver Nuggets","PG",26,74,6,2,183,"Iowa State",8449074
"388","Jamal Murray","Denver Nuggets","PG",24,75,6,3,215,"Kentucky",29467800
"389","Zeke Nnaji","Denver Nuggets","PF",20,81,6,9,240,"Arizona",2498760
"390","Michael Porter Jr.","Denver Nuggets","SF",23,73,6,1,218,"Missouri",5258735
"391","Austin Rivers","Denver Nuggets","SG",29,76,6,4,200,"Duke",1669178
"392","Malik Beasley","Minnesota Timberwolves","SG",24,76,6,4,187,"Florida State",14491964
"393","Patrick Beverley","Minnesota Timberwolves","PG",33,73,6,1,180,"Arkansas",14320988
"394","Anthony Edwards","Minnesota Timberwolves","SF",20,76,6,4,225,"Georgia",10245480
"395","Jake Layman","Minnesota Timberwolves","SF",27,80,6,8,209,"Maryland",3940185
"396","Jaden McDaniels","Minnesota Timberwolves","PF",20,81,6,9,185,"Washington",2063280
"397","Jaylen Nowell","Minnesota Timberwolves","SG",22,76,6,4,201,"Washington",1782621
"398","Josh Okogie","Minnesota Timberwolves","SF",23,76,6,4,213,"Georgia Tech",4087904
"399","Taurean Prince","Minnesota Timberwolves","PF",27,79,6,7,218,"Baylor",1.3e+07
"400","Naz Reid","Minnesota Timberwolves","C",22,81,6,9,264,"LSU",1782621
"401","D'Angelo Russell","Minnesota Timberwolves","PG",25,76,6,4,193,"Ohio State",30013500
"402","Karl-Anthony Towns","Minnesota Timberwolves","C",25,83,6,11,248,"Kentucky",31650600
"403","Darius Bazley","Oklahoma City Thunder","PF",21,80,6,8,208,"nan",2513040
"404","Charlie Brown Jr.","Oklahoma City Thunder","PF",24,78,6,6,199,"Saint Joseph's",1701593
"405","Gabriel Deck","Oklahoma City Thunder","SF",26,78,6,6,231,"nan",3676852
"406","Luguentz Dort","Oklahoma City Thunder","SF",22,75,6,3,215,"Arizona State",1782621
"407","Derrick Favors","Oklahoma City Thunder","C",30,81,6,9,265,"Georgia Tech",9720900
"408","Josh Giddey","Oklahoma City Thunder","SG",18,80,6,8,205,"nan",5988000
"409","Shai Gilgeous-Alexander","Oklahoma City Thunder","SG",23,78,6,6,180,"Kentucky",5495532
"410","Ty Jerome","Oklahoma City Thunder","SG",24,77,6,5,195,"Virginia",2412840
"411","Theo Maledon","Oklahoma City Thunder","PG",20,76,6,4,175,"nan",2e+06
"412","Tre Mann","Oklahoma City Thunder","PG",20,75,6,3,178,"Florida",2901240
"413","Mike Muscala","Oklahoma City Thunder","C",30,73,6,1,240,"Bucknell",3365385
"414","Aleksej Pokusevski","Oklahoma City Thunder","PF",19,84,7,0,190,"nan",3113160
"415","Jeremiah Robinson-Earl","Oklahoma City Thunder","PF",20,80,6,8,242,"Villanova",2e+06
"416","Isaiah Roby","Oklahoma City Thunder","C",23,80,6,8,230,"Nebraska",1782621
"417","Kenrich Williams","Oklahoma City Thunder","SF",26,78,6,6,210,"TCU",2e+06
"418","Greg Brown","Portland Trail Blazers","PF",20,81,6,9,205,"Texas",925258
"419","Robert Covington","Portland Trail Blazers","PF",30,79,6,7,209,"Tennessee State",12975471
"420","CJ Elleby","Portland Trail Blazers","SG",21,78,6,6,200,"Washington State",1517981
"421","Damian Lillard","Portland Trail Blazers","PG",31,74,6,2,195,"Weber State",39344900
"422","Nassir Little","Portland Trail Blazers","SF",21,77,6,5,220,"North Carolina",2316240
"423","CJ McCollum","Portland Trail Blazers","SG",29,75,6,3,190,"Lehigh",30864198
"424","Ben McLemore","Portland Trail Blazers","SG",28,75,6,3,195,"Kansas",1669178
"425","Larry Nance Jr.","Portland Trail Blazers","PF",28,79,6,7,245,"Wyoming",10690909
"426","Jusuf Nurkic","Portland Trail Blazers","C",27,83,6,11,290,"nan",1.2e+07
"427","Norman Powell","Portland Trail Blazers","SF",28,75,6,3,215,"UCLA",15517241
"428","Anfernee Simons","Portland Trail Blazers","SG",22,75,6,3,181,"nan",3938818
"429","Tony Snell","Portland Trail Blazers","SF",29,78,6,6,213,"New Mexico",1669178
"430","Cody Zeller","Portland Trail Blazers","C",28,83,6,11,240,"Indiana",1669178
"431","Udoka Azubuike","Utah Jazz","C",21,73,6,1,280,"Kansas",2075880
"432","Bojan Bogdanovic","Utah Jazz","SF",32,79,6,7,226,"nan",18700000
"433","Jarrell Brantley","Utah Jazz","PF",25,77,6,5,250,"Charleston",1669178
"434","Jared Butler","Utah Jazz","SG",21,75,6,3,195,"Baylor",925258
"435","Jordan Clarkson","Utah Jazz","PG",29,76,6,4,194,"Missouri",12420000
"436","Mike Conley","Utah Jazz","PG",33,73,6,1,175,"Ohio State",2.1e+07
"437","Rudy Gay","Utah Jazz","SF",35,80,6,8,250,"Connecticut",5890000
"438","Rudy Gobert","Utah Jazz","C",29,85,7,1,258,"nan",35344828
"439","Elijah Hughes","Utah Jazz","SF",23,77,6,5,215,"Syracuse",1517981
"440","Joe Ingles","Utah Jazz","SG",33,80,6,8,220,"nan",13036364
"441","Donovan Mitchell","Utah Jazz","SG",25,73,6,1,215,"Louisville",28103500
"442","Royce O'Neale","Utah Jazz","PF",28,76,6,4,226,"Baylor",8800000
"443","Olumiye Oni","Utah Jazz","SG",24,77,6,5,206,"Yale",1782621
"444","Eric Paschall","Utah Jazz","PF",24,78,6,6,255,"Villanova",1782621
"445","Hassan Whiteside","Utah Jazz","C",32,84,7,0,265,"Marshall",1669178
