;iso;iso3;pays;capital;surface;population_pays;continent;code_pays;monnaie;geonameid_pays;pays_voisins;densite;nom_ville;population_villes;altitude;geonameid_villes
0;AD;AND;Andorra;Andorra la Vella;468.0;84000;EU;EUR;Euro;3041565;ES,FR;179.48717948717947;Andorra la Vella;20430;1037;3041563
1;AE;ARE;United Arab Emirates;Abu Dhabi;82880.0;4975593;AS;AED;Dirham;290557;SA,OM;60.033699324324324;Abu Dhabi;603492;13;292968
2;AF;AFG;Afghanistan;Kabul;647500.0;29121286;AS;AFN;Afghani;1149361;TM,CN,IR,TJ,PK,UZ;44.974959073359074;Kabul;3043532;1798;1138958
3;AI;AIA;Anguilla;The Valley;102.0;13254;;XCD;Dollar;3573511;;129.94117647058823;The Valley;2035;19;3573374
4;AL;ALB;Albania;Tirana;28748.0;2986952;EU;ALL;Lek;783754;MK,GR,ME,RS,XK;103.90121051899263;Tirana;374801;113;3183875
5;AM;ARM;Armenia;Yerevan;29800.0;2968000;AS;AMD;Dram;174982;GE,IR,AZ,TR;99.59731543624162;Yerevan;1093485;994;616052
6;AO;AGO;Angola;Luanda;1246700.0;13068161;AF;AOA;Kwanza;3351879;CD,NA,ZM,CG;10.482201812785755;Luanda;2776168;73;2240449
7;AR;ARG;Argentina;Buenos Aires;2766890.0;41343201;SA;ARS;Peso;3865483;CL,BO,UY,PY,BR;14.942119491559115;Buenos Aires;13076300;31;3435910
8;AS;ASM;American Samoa;Pago Pago;199.0;57881;OC;USD;Dollar;5880801;;290.85929648241205;Pago Pago;11500;144;5881576
9;AT;AUT;Austria;Vienna;83858.0;8205000;EU;EUR;Euro;2782113;CH,DE,HU,SK,CZ,IT,SI,LI;97.84397433757066;Vienna;1691468;193;2761369
10;AU;AUS;Australia;Canberra;7686850.0;21515754;OC;AUD;Dollar;2077456;;2.799033934576582;Canberra;367752;571;2172517
11;AW;ABW;Aruba;Oranjestad;193.0;71566;;AWG;Guilder;3577279;;370.80829015544043;Oranjestad;29998;22;3577154
12;AX;ALA;Aland Islands;Mariehamn;1580.0;26711;EU;EUR;Euro;661882;;16.905696202531647;Mariehamn;10682;11;3041732
13;AZ;AZE;Azerbaijan;Baku;86600.0;8303512;AS;AZN;Manat;587116;GE,IR,AM,TR,RU;95.8835103926097;Baku;1116513;-23;587084
14;BA;BIH;Bosnia and Herzegovina;Sarajevo;51129.0;4590000;EU;BAM;Marka;3277605;HR,ME,RS;89.77292730153142;Sarajevo;696731;509;3191281
15;BB;BRB;Barbados;Bridgetown;431.0;285653;;BBD;Dollar;3374084;;662.7679814385151;Bridgetown;98511;10;3374036
16;BD;BGD;Bangladesh;Dhaka;144000.0;156118464;AS;BDT;Taka;1210997;MM,IN;1084.156;Dhaka;10356500;23;1185241
17;BE;BEL;Belgium;Brussels;30510.0;10403000;EU;EUR;Euro;2802361;DE,NL,LU,FR;340.97017371353655;Brussels;1019022;28;2800866
18;BF;BFA;Burkina Faso;Ouagadougou;274200.0;16241811;AF;XOF;Franc;2361809;NE,BJ,GH,CI,TG,ML;59.23344638949672;Ouagadougou;1086505;299;2357048
19;BG;BGR;Bulgaria;Sofia;110910.0;7148785;EU;BGN;Lev;732800;MK,GR,RO,TR,RS;64.45572987106664;Sofia;1152556;562;727011
20;BH;BHR;Bahrain;Manama;665.0;738004;AS;BHD;Dinar;290291;;1109.7804511278196;Manama;147074;12;290340
21;BI;BDI;Burundi;Bujumbura;27830.0;9863117;AF;BIF;Franc;433561;TZ,CD,RW;354.4059288537549;Bujumbura;331700;795;425378
22;BJ;BEN;Benin;Porto-Novo;112620.0;9056010;AF;XOF;Franc;2395170;NE,TG,BF,NG;80.41209376664891;Porto-Novo;234168;20;2392087
23;BL;BLM;Saint Barthelemy;Gustavia;21.0;8450;;EUR;Euro;3578476;;402.3809523809524;Gustavia;5988;6;3579132
24;BM;BMU;Bermuda;Hamilton;53.0;65365;;BMD;Dollar;3573345;;1233.301886792453;Hamilton;902;22;3573197
25;BN;BRN;Brunei;Bandar Seri Begawan;5770.0;395027;AS;BND;Dollar;1820814;MY;68.46221837088389;Bandar Seri Begawan;64409;10;1820906
26;BO;BOL;Bolivia;Sucre;1098580.0;9947418;SA;BOB;Boliviano;3923057;PE,CL,PY,BR,AR;9.05479619144714;Sucre;224838;2798;3903987
27;BR;BRA;Brazil;Brasilia;8511965.0;201103330;SA;BRL;Real;3469034;SR,PE,BO,UY,GY,PY,GF,VE,CO,AR;23.62595828342809;Brasilia;2207718;1136;3469058
28;BS;BHS;Bahamas;Nassau;13940.0;301790;;BSD;Dollar;3572887;;21.649210903873744;Nassau;227940;5;3571824
29;BT;BTN;Bhutan;Thimphu;47000.0;699847;AS;BTN;Ngultrum;1252634;CN,IN;14.89036170212766;Thimphu;98676;2307;1252416
30;BW;BWA;Botswana;Gaborone;600370.0;2029307;AF;BWP;Pula;933860;ZW,ZA,NA;3.3800939420690574;Gaborone;208411;1011;933773
31;BY;BLR;Belarus;Minsk;207600.0;9685000;EU;BYN;Belarusian ruble;630336;PL,LT,UA,RU,LV;46.652215799614645;Minsk;1742124;222;625144
32;BZ;BLZ;Belize;Belmopan;22966.0;314522;;BZD;Dollar;3582678;GT,MX;13.695114517112254;Belmopan;13381;71;3582672
33;CA;CAN;Canada;Ottawa;9984670.0;33679000;;CAD;Dollar;6251999;US;3.37307091771686;Ottawa;812129;71;6094817
34;CC;CCK;Cocos Islands;West Island;14.0;628;AS;AUD;Dollar;1547376;;44.857142857142854;West Island;120;12;7304591
35;CD;COD;Democratic Republic of the Congo;Kinshasa;2345410.0;70916439;AF;CDF;Franc;203312;TZ,CF,SS,RW,ZM,BI,UG,CG,AO;30.236265301162696;Kinshasa;7785965;281;2314302
36;CF;CAF;Central African Republic;Bangui;622984.0;4844927;AF;XAF;Franc;239880;TD,SD,CD,SS,CM,CG;7.776968589883528;Bangui;542393;351;2389853
37;CG;COG;Republic of the Congo;Brazzaville;342000.0;3039126;AF;XAF;Franc;2260494;CF,GA,CD,CM,AO;8.886333333333333;Brazzaville;1284609;284;2260535
38;CH;CHE;Switzerland;Bern;41290.0;8484100;EU;CHF;Franc;2658434;DE,IT,LI,FR,AT;205.47590215548558;Bern;121631;549;2661552
39;CI;CIV;Ivory Coast;Yamoussoukro;322460.0;21058798;AF;XOF;Franc;2287781;LR,GH,GN,BF,ML;65.30669850524096;Yamoussoukro;194530;214;2279755
40;CK;COK;Cook Islands;Avarua;240.0;21388;OC;NZD;Dollar;1899402;;89.11666666666666;Avarua;13373;6;4035715
41;CL;CHL;Chile;Santiago;756950.0;16746491;SA;CLP;Peso;3895114;PE,BO,AR;22.12364224849726;Santiago;4837295;556;3871336
42;CM;CMR;Cameroon;Yaounde;475440.0;19294149;AF;XAF;Franc;2233387;TD,CF,GA,GQ,CG,NG;40.58166961130742;Yaounde;1299369;726;2220957
43;CN;CHN;China;Beijing;9596960.0;1330044000;AS;CNY;Yuan Renminbi;1814991;LA,BT,TJ,KZ,MN,AF,NP,MM,KG,PK,KP,RU,VN,IN;138.5901368766776;Beijing;11716620;49;1816670
44;CO;COL;Colombia;Bogota;1138910.0;47790000;SA;COP;Peso;3686110;EC,PE,PA,BR,VE;41.96117340263937;Bogota;7674366;2582;3688689
45;CR;CRI;Costa Rica;San Jose;51100.0;4516220;;CRC;Colon;3624060;PA,NI;88.38003913894325;San Jose;31430;50;3621841
46;CR;CRI;Costa Rica;San Jose;51100.0;4516220;;CRC;Colon;3624060;PA,NI;88.38003913894325;San Jose;335007;1161;3621849
47;CU;CUB;Cuba;Havana;110860.0;11423000;;CUP;Peso;3562981;US;103.03987010644056;Havana;2163824;41;3553478
48;CV;CPV;Cabo Verde;Praia;4033.0;508659;AF;CVE;Escudo;3374766;;126.12422514257376;Praia;113364;18;3374333
49;CX;CXR;Christmas Island;Flying Fish Cove;135.0;1500;OC;AUD;Dollar;2078138;;11.11111111111111;Flying Fish Cove;500;135;2078127
50;CY;CYP;Cyprus;Nicosia;9250.0;1102677;EU;EUR;Euro;146669;;119.20832432432432;Nicosia;200452;147;146268
51;CZ;CZE;Czechia;Prague;78866.0;10476000;EU;CZK;Koruna;3077311;PL,DE,SK,AT;132.83290644891335;Prague;1165581;202;3067696
52;DE;DEU;Germany;Berlin;357021.0;81802257;EU;EUR;Euro;2921044;CH,PL,NL,DK,BE,CZ,LU,FR,AT;229.1244968783349;Berlin;3426354;43;2950159
53;DJ;DJI;Djibouti;Djibouti;23000.0;740528;AF;DJF;Franc;223816;ER,ET,SO;32.19686956521739;Djibouti;623891;6;223817
54;DK;DNK;Denmark;Copenhagen;43094.0;5484000;EU;DKK;Krone;2623032;DE;127.25669466747111;Copenhagen;1153615;14;2618425
55;DM;DMA;Dominica;Roseau;754.0;72813;;XCD;Dollar;3575830;;96.56896551724138;Roseau;16571;11;3575635
56;DO;DOM;Dominican Republic;Santo Domingo;48730.0;9823821;;DOP;Peso;3508796;HT;201.59698337779602;Santo Domingo;2201941;9;3492908
57;DZ;DZA;Algeria;Algiers;2381740.0;34586184;AF;DZD;Dinar;2589581;NE,EH,LY,MR,TN,MA,ML;14.52139360299613;Algiers;1977663;113;2507480
58;EC;ECU;Ecuador;Quito;283560.0;14790608;SA;USD;Dollar;3658394;PE,CO;52.16041754831429;Quito;1399814;2854;3652462
59;EE;EST;Estonia;Tallinn;45226.0;1291170;EU;EUR;Euro;453733;RU,LV;28.54928580904789;Tallinn;394024;12;588409
60;EG;EGY;Egypt;Cairo;1001450.0;80471869;AF;EGP;Pound;357994;LY,SD,IL,PS;80.35535373708123;Cairo;7734614;23;360630
61;ER;ERI;Eritrea;Asmara;121320.0;5792984;AF;ERN;Nakfa;338010;ET,SD,DJ;47.749620837454664;Asmara;563930;2334;343300
62;ES;ESP;Spain;Madrid;504782.0;46505963;EU;EUR;Euro;2510769;AD,PT,GI,FR,MA;92.13078715168132;Madrid;3255944;665;3117735
63;ET;ETH;Ethiopia;Addis Ababa;1127127.0;88013491;AF;ETB;Birr;337996;ER,KE,SD,SS,SO,DJ;78.08657853107947;Addis Ababa;2757729;2405;344979
64;FI;FIN;Finland;Helsinki;337030.0;5244000;EU;EUR;Euro;660013;NO,RU,SE;15.559445746669436;Helsinki;558457;26;658225
65;FJ;FJI;Fiji;Suva;18270.0;875983;OC;FJD;Dollar;2205218;;47.94652435686918;Suva;77366;57;2198148
66;FK;FLK;Falkland Islands;Stanley;12173.0;2638;SA;FKP;Pound;3474414;;0.2167091103261316;Stanley;2213;1;3426691
67;FO;FRO;Faroe Islands;Torshavn;1399.0;48228;EU;DKK;Krone;2622320;;34.473195139385275;Torshavn;13200;1;2611396
68;FR;FRA;France;Paris;547030.0;64768389;EU;EUR;Euro;3017382;CH,DE,BE,LU,IT,AD,MC,ES;118.40006763797233;Paris;2138551;42;2988507
69;GA;GAB;Gabon;Libreville;267667.0;1545255;AF;XAF;Franc;2400553;CM,GQ,CG;5.773050095828025;Libreville;578156;8;2399697
70;GB;GBR;United Kingdom;London;244820.0;62348447;EU;GBP;Pound;2635167;IE;254.67056204558452;London;7556900;25;2643743
71;GE;GEO;Georgia;Tbilisi;69700.0;4630000;AS;GEL;Lari;614540;AM,AZ,TR,RU;66.42754662840746;Tbilisi;1049498;491;611717
72;GF;GUF;French Guiana;Cayenne;91000.0;195506;SA;EUR;Euro;3381670;SR,BR;2.1484175824175824;Cayenne;61550;7;3382160
73;GH;GHA;Ghana;Accra;239460.0;24339838;AF;GHS;Cedi;2300660;CI,TG,BF;101.64469222417105;Accra;1963264;33;2306104
74;GI;GIB;Gibraltar;Gibraltar;6.5;27884;EU;GIP;Pound;2411586;ES;4289.846153846154;Gibraltar;26544;11;2411585
75;GL;GRL;Greenland;Nuuk;2166086.0;56375;;DKK;Krone;3425505;;0.026026205792383128;Nuuk;14798;1;3421319
76;GM;GMB;Gambia;Banjul;11300.0;1593256;AF;GMD;Dalasi;2413451;SN;140.99610619469027;Banjul;34589;5;2413876
77;GN;GIN;Guinea;Conakry;245857.0;10324025;AF;GNF;Franc;2420477;LR,SN,SL,CI,GW,ML;41.9919912794836;Conakry;1767200;13;2422465
78;GP;GLP;Guadeloupe;Basse-Terre;1780.0;443000;;EUR;Euro;3579143;;248.87640449438203;Basse-Terre;11472;-9999;3579732
79;GQ;GNQ;Equatorial Guinea;Malabo;28051.0;1014999;AF;XAF;Franc;2309096;GA,CM;36.18405760935439;Malabo;155963;106;2309527
80;GR;GRC;Greece;Athens;131940.0;11000000;EU;EUR;Euro;390903;AL,MK,TR,BG;83.37122934667273;Athens;664046;126;264371
81;GS;SGS;South Georgia and the South Sandwich Islands;Grytviken;3903.0;30;AN;GBP;Pound;3474415;;0.007686395080707148;Grytviken;2;4;3426466
82;GT;GTM;Guatemala;Guatemala City;108890.0;13550440;;GTQ;Quetzal;3595528;MX,HN,BZ,SV;124.44154651483149;Guatemala City;994938;1508;3598132
83;GU;GUM;Guam;Hagatna;549.0;159358;OC;USD;Dollar;4043988;;290.2695810564663;Hagatna;1051;5;4044012
84;GW;GNB;Guinea-Bissau;Bissau;36120.0;1565126;AF;XOF;Franc;2372248;SN,GN;43.331284606866;Bissau;388028;13;2374775
85;GY;GUY;Guyana;Georgetown;214970.0;748486;SA;GYD;Dollar;3378535;SR,BR,VE;3.481816067358236;Georgetown;235017;3;3378644
86;HK;HKG;Hong Kong;Hong Kong;1092.0;6898686;AS;HKD;Dollar;1819730;;6317.478021978022;Hong Kong;7012738;60;1819729
87;HN;HND;Honduras;Tegucigalpa;112090.0;7989415;;HNL;Lempira;3608932;GT,NI,SV;71.2767865108395;Tegucigalpa;850848;944;3600949
88;HR;HRV;Croatia;Zagreb;56542.0;4284889;EU;HRK;Kuna;3202326;HU,SI,BA,ME,RS;75.78240953627392;Zagreb;698966;135;3186886
89;HT;HTI;Haiti;Port-au-Prince;27750.0;9648924;;HTG;Gourde;3723988;DO;347.70897297297296;Port-au-Prince;1234742;53;3718426
90;HU;HUN;Hungary;Budapest;93030.0;9982000;EU;HUF;Forint;719819;SK,SI,RO,UA,HR,AT,RS;107.2987208427389;Budapest;1741041;75;3054643
91;ID;IDN;Indonesia;Jakarta;1919440.0;242968342;AS;IDR;Rupiah;1643084;PG,TL,MY;126.582931480015;Jakarta;8540121;16;1642911
92;IE;IRL;Ireland;Dublin;70280.0;4622917;EU;EUR;Euro;2963597;GB;65.77855719977234;Dublin;1024027;17;2964574
93;IL;ISR;Israel;Jerusalem;20770.0;7353985;AS;ILS;Shekel;294640;SY,JO,LB,EG,PS;354.067645642754;Jerusalem;801000;786;281184
94;IM;IMN;Isle of Man;Douglas;572.0;75049;EU;GBP;Pound;3042225;;131.20454545454547;Douglas;26218;31;3042237
95;IN;IND;India;New Delhi;3287590.0;1173108018;AS;INR;Rupee;1269750;CN,NP,MM,BT,PK,BD;356.82917212912804;New Delhi;317797;212;1261481
96;IQ;IRQ;Iraq;Baghdad;437072.0;29671605;AS;IQD;Dinar;99237;SY,SA,IR,JO,TR,KW;67.88722453051213;Baghdad;7216000;41;98182
97;IR;IRN;Iran;Tehran;1648000.0;76923300;AS;IRR;Rial;130758;TM,AF,IQ,AM,PK,AZ,TR;46.67675970873786;Tehran;7153309;1178;112931
98;IS;ISL;Iceland;Reykjavik;103000.0;308910;EU;ISK;Krona;2629691;;2.999126213592233;Reykjavik;118918;37;3413829
99;IT;ITA;Italy;Rome;301230.0;60340328;EU;EUR;Euro;3175395;CH,VA,SI,SM,FR,AT;200.31314278126348;Rome;2318895;52;3169070
100;JE;JEY;Jersey;Saint Helier;116.0;90812;EU;GBP;Pound;3042142;;782.8620689655172;Saint Helier;28000;11;3042091
101;JM;JAM;Jamaica;Kingston;10991.0;2847232;;JMD;Dollar;3489940;;259.05122372850514;Kingston;937700;65;3489854
102;JO;JOR;Jordan;Amman;92300.0;6407085;AS;JOD;Dinar;248816;SY,SA,IQ,IL,PS;69.415872156013;Amman;1275857;757;250441
103;JP;JPN;Japan;Tokyo;377835.0;127288000;AS;JPY;Yen;1861060;;336.88779493694335;Tokyo;8336599;44;1850147
104;KE;KEN;Kenya;Nairobi;582650.0;40046566;AF;KES;Shilling;192950;ET,TZ,SS,SO,UG;68.73177035956407;Nairobi;2750547;1684;184745
105;KG;KGZ;Kyrgyzstan;Bishkek;198500.0;5776500;AS;KGS;Som;1527747;CN,TJ,UZ,KZ;29.1007556675063;Bishkek;900000;767;1528675
106;KH;KHM;Cambodia;Phnom Penh;181040.0;14453680;AS;KHR;Riels;1831722;LA,TH,VN;79.8369421122404;Phnom Penh;1573544;20;1821306
107;KI;KIR;Kiribati;Tarawa;811.0;92533;OC;AUD;Dollar;4030945;;114.09741060419236;Tarawa;40311;6;2110257
108;KM;COM;Comoros;Moroni;2170.0;773407;AF;KMF;Franc;921929;;356.40875576036865;Moroni;42872;27;921772
109;KN;KNA;Saint Kitts and Nevis;Basseterre;261.0;51134;;XCD;Dollar;3575174;;195.91570881226053;Basseterre;12920;1;3575551
110;KP;PRK;North Korea;Pyongyang;120540.0;22912177;AS;KPW;Won;1873107;CN,KR,RU;190.07945080471214;Pyongyang;3222000;43;1871859
111;KR;KOR;South Korea;Seoul;98480.0;48422644;AS;KRW;Won;1835841;KP;491.7002843216897;Seoul;10349312;38;1835848
112;XK;XKX;Kosovo;Pristina;10908.0;1800000;EU;EUR;Euro;831053;RS,AL,MK,ME;165.01650165016503;Pristina;550000;597;786714
113;KW;KWT;Kuwait;Kuwait City;17820.0;2789132;AS;KWD;Dinar;285570;SA,IQ;156.5169472502806;Kuwait City;60064;16;285787
114;KY;CYM;Cayman Islands;George Town;262.0;44270;;KYD;Dollar;3580718;;168.96946564885496;George Town;29370;3;3580661
115;KZ;KAZ;Kazakhstan;Nur-Sultan;2717300.0;15340000;AS;KZT;Tenge;1522867;TM,CN,KG,UZ,RU;5.645309682405329;Nur-Sultan;345604;358;1526273
116;LA;LAO;Laos;Vientiane;236800.0;6368162;AS;LAK;Kip;1655842;CN,MM,KH,TH,VN;26.892576013513512;Vientiane;196731;174;1651944
117;LB;LBN;Lebanon;Beirut;10400.0;4125247;AS;LBP;Pound;272103;SY,IL;396.65836538461537;Beirut;1916100;40;276781
118;LC;LCA;Saint Lucia;Castries;616.0;160922;;XCD;Dollar;3576468;;261.237012987013;Castries;20000;119;3576812
119;LI;LIE;Liechtenstein;Vaduz;160.0;35000;EU;CHF;Franc;3042058;CH,AT;218.75;Vaduz;5197;465;3042030
120;LK;LKA;Sri Lanka;Colombo;65610.0;21513990;AS;LKR;Rupee;1227603;;327.907178783722;Colombo;648034;1;1248991
121;LR;LBR;Liberia;Monrovia;111370.0;3685076;AF;LRD;Dollar;2275384;SL,CI,GN;33.08858759091317;Monrovia;939524;32;2274895
122;LS;LSO;Lesotho;Maseru;30355.0;1919552;AF;LSL;Loti;932692;ZA;63.236764948113986;Maseru;118355;1552;932505
123;LT;LTU;Lithuania;Vilnius;65200.0;2944459;EU;EUR;Euro;597427;PL,BY,RU,LV;45.16041411042945;Vilnius;542366;98;593116
124;LU;LUX;Luxembourg;Luxembourg;2586.0;497538;EU;EUR;Euro;2960313;DE,BE,FR;192.39675174013922;Luxembourg;76684;316;2960316
125;LV;LVA;Latvia;Riga;64589.0;2217969;EU;EUR;Euro;458258;LT,EE,BY,RU;34.339732771834214;Riga;742572;6;456172
126;LY;LBY;Libya;Tripoli;1759540.0;6461454;AF;LYD;Dinar;2215636;TD,NE,DZ,SD,TN,EG;3.6722404719415302;Tripoli;1150989;7;2210247
127;MA;MAR;Morocco;Rabat;446550.0;33848242;AF;MAD;Dirham;2542007;DZ,EH,ES;75.79944463106035;Rabat;1655753;46;2538475
128;MC;MCO;Monaco;Monaco;1.95;32965;EU;EUR;Euro;2993457;FR;16905.128205128207;Monaco;32965;62;2993458
129;MD;MDA;Moldova;Chisinau;33843.0;4324000;EU;MDL;Leu;617790;RO,UA;127.76645096474898;Chisinau;635994;55;618426
130;ME;MNE;Montenegro;Podgorica;14026.0;666730;EU;EUR;Euro;3194884;AL,HR,BA,RS,XK;47.53529160131185;Podgorica;136473;49;3193044
131;MF;MAF;Saint Martin;Marigot;53.0;35925;;EUR;Euro;3578421;SX;677.8301886792453;Marigot;5700;9;3578851
132;MG;MDG;Madagascar;Antananarivo;587040.0;21281844;AF;MGA;Ariary;1062947;;36.25280049059689;Antananarivo;1391433;1274;1070940
133;MH;MHL;Marshall Islands;Majuro;181.3;65859;OC;USD;Dollar;2080185;;363.2597904026475;Majuro;25400;6;2113779
134;MK;MKD;North Macedonia;Skopje;25333.0;2062294;EU;MKD;Denar;718075;AL,GR,BG,RS,XK;81.40741325543758;Skopje;474889;247;785842
135;ML;MLI;Mali;Bamako;1240000.0;13796354;AF;XOF;Franc;2453866;SN,NE,DZ,CI,GN,MR,BF;11.12609193548387;Bamako;1297281;338;2460596
136;MM;MMR;Myanmar;Nay Pyi Taw;678500.0;53414374;AS;MMK;Kyat;1327865;CN,LA,TH,BD,IN;78.72420633750922;Nay Pyi Taw;925000;122;6611854
137;MP;MNP;Northern Mariana Islands;Saipan;477.0;53883;OC;USD;Dollar;4041468;;112.9622641509434;Saipan;48220;211;7828758
138;MQ;MTQ;Martinique;Fort-de-France;1100.0;432900;;EUR;Euro;3570311;;393.54545454545456;Fort-de-France;89995;17;3570675
139;MR;MRT;Mauritania;Nouakchott;1030700.0;3205060;AF;MRU;Ouguiya;2378080;SN,DZ,EH,ML;3.10959542058795;Nouakchott;661400;10;2377450
140;MS;MSR;Montserrat;Plymouth;102.0;9341;;XCD;Dollar;3578097;;91.57843137254902;Plymouth;0;77;3578069
141;MT;MLT;Malta;Valletta;316.0;403000;EU;EUR;Euro;2562770;;1275.3164556962026;Valletta;6794;90;2562305
142;MU;MUS;Mauritius;Port Louis;2040.0;1294104;AF;MUR;Rupee;934292;;634.364705882353;Port Louis;155226;3;934154
143;MV;MDV;Maldives;Male;300.0;395650;AS;MVR;Rufiyaa;1282028;;1318.8333333333333;Male;103693;8;1282027
144;MW;MWI;Malawi;Lilongwe;118480.0;15447500;AF;MWK;Kwacha;927384;TZ,MZ,ZM;130.38065496286293;Lilongwe;646750;1056;927967
145;MX;MEX;Mexico;Mexico City;1972550.0;112468855;;MXN;Peso;3996063;GT,US,BZ;57.016985627740745;Mexico City;12294193;2240;3530597
146;MY;MYS;Malaysia;Kuala Lumpur;329750.0;28274729;AS;MYR;Ringgit;1733045;BN,TH,ID;85.7459560272934;Kuala Lumpur;1453975;56;1735161
147;MZ;MOZ;Mozambique;Maputo;801590.0;22061451;AF;MZN;Metical;1036973;ZW,TZ,SZ,ZA,ZM,MW;27.522113549320725;Maputo;1191613;70;1040652
148;;NAM;Namibia;Windhoek;825418.0;2128471;AF;NAD;Dollar;3355338;ZA,BW,ZM,AO;2.578658328265194;Windhoek;268132;1656;3352136
149;NC;NCL;New Caledonia;Noumea;19060.0;216494;OC;XPF;Franc;2139685;;11.358551941238195;Noumea;93060;26;2139521
150;NE;NER;Niger;Niamey;1267000.0;15878271;AF;XOF;Franc;2440476;TD,BJ,DZ,LY,BF,NG,ML;12.532179163378059;Niamey;774235;206;2440485
151;NF;NFK;Norfolk Island;Kingston;34.6;1828;OC;AUD;Dollar;2155115;;52.83236994219653;Kingston;880;71;2161314
152;NG;NGA;Nigeria;Abuja;923768.0;154000000;AF;NGN;Naira;2328926;TD,NE,BJ,CM;166.70852421820197;Abuja;590400;476;2352778
153;NI;NIC;Nicaragua;Managua;129494.0;5995928;;NIO;Cordoba;3617476;CR,HN;46.30274761765024;Managua;973087;108;3617763
154;NL;NLD;Netherlands;Amsterdam;41526.0;16645000;EU;EUR;Euro;2750405;DE,BE;400.83321292684104;Amsterdam;741636;13;2759794
155;NO;NOR;Norway;Oslo;324220.0;5009150;EU;NOK;Krone;3144096;FI,RU,SE;15.449848868052557;Oslo;580000;26;3143244
156;NP;NPL;Nepal;Kathmandu;140800.0;28951852;AS;NPR;Rupee;1282988;CN,IN;205.62394886363637;Kathmandu;1442271;1296;1283240
157;NR;NRU;Nauru;Yaren;21.0;10065;OC;AUD;Dollar;2110425;;479.2857142857143;Yaren;1100;6;7626461
158;NU;NIU;Niue;Alofi;260.0;2166;OC;NZD;Dollar;4036232;;8.330769230769231;Alofi;624;44;4036284
159;NZ;NZL;New Zealand;Wellington;268680.0;4252277;OC;NZD;Dollar;2186224;;15.826548310257555;Wellington;381900;31;2179537
160;OM;OMN;Oman;Muscat;212460.0;2967717;AS;OMR;Rial;286963;SA,YE,AE;13.968356396498164;Muscat;797000;14;287286
161;PA;PAN;Panama;Panama City;78200.0;3410676;;PAB;Balboa;3703430;CR,CO;43.614782608695656;Panama City;0;12;3702057
162;PE;PER;Peru;Lima;1285220.0;29907003;SA;PEN;Sol;3932488;EC,CL,BO,BR,CO;23.2699483356935;Lima;7737002;152;3936456
163;PF;PYF;French Polynesia;Papeete;4167.0;270485;OC;XPF;Franc;4030656;;64.91120710343172;Papeete;26357;9;4033936
164;PG;PNG;Papua New Guinea;Port Moresby;462840.0;6064515;OC;PGK;Kina;2088628;ID;13.10283251231527;Port Moresby;283733;1;2088122
165;PH;PHL;Philippines;Manila;300000.0;99900177;AS;PHP;Peso;1694008;;333.00059;Manila;1600000;13;1701668
166;PK;PAK;Pakistan;Islamabad;803940.0;184404791;AS;PKR;Rupee;1168579;CN,AF,IR,IN;229.3763104211757;Islamabad;601600;579;1176615
167;PL;POL;Poland;Warsaw;312685.0;38500000;EU;PLN;Zloty;798544;DE,LT,SK,CZ,BY,UA,RU;123.12710875161905;Warsaw;1702139;113;756135
168;PM;SPM;Saint Pierre and Miquelon;Saint-Pierre;242.0;7012;;EUR;Euro;3424932;;28.975206611570247;Saint-Pierre;6200;30;3424934
169;PN;PCN;Pitcairn;Adamstown;47.0;46;OC;NZD;Dollar;4030699;;0.9787234042553191;Adamstown;46;67;4030723
170;PR;PRI;Puerto Rico;San Juan;9104.0;3916632;;USD;Dollar;4566966;;430.2100175746924;San Juan;418140;11;4568127
171;PS;PSE;Palestinian Territory;East Jerusalem;5970.0;3800000;AS;ILS;Shekel;6254930;JO,IL,EG;636.5159128978224;East Jerusalem;428304;759;7303419
172;PT;PRT;Portugal;Lisbon;92391.0;10676000;EU;EUR;Euro;2264397;ES;115.55238064313623;Lisbon;517802;45;2267057
173;PY;PRY;Paraguay;Asuncion;406750.0;6375830;SA;PYG;Guarani;3437598;BO,BR,AR;15.675058389674247;Asuncion;1482200;107;3439389
174;QA;QAT;Qatar;Doha;11437.0;840926;AS;QAR;Rial;289688;SA;73.52679898574802;Doha;344939;11;290030
175;RE;REU;Reunion;Saint-Denis;2517.0;776948;AF;EUR;Euro;935317;;308.6801748112833;Saint-Denis;137195;44;935264
176;RO;ROU;Romania;Bucharest;237500.0;21959278;EU;RON;Leu;798549;MD,HU,UA,BG,RS;92.46011789473684;Bucharest;1877155;83;683506
177;RS;SRB;Serbia;Belgrade;88361.0;7344847;EU;RSD;Dinar;6290252;AL,HU,MK,RO,HR,BA,BG,ME,XK;83.12317651452564;Belgrade;1273651;120;792680
178;RU;RUS;Russia;Moscow;17100000.0;140702000;EU;RUB;Ruble;2017370;GE,CN,BY,UA,KZ,LV,PL,EE,LT,FI,MN,NO,AZ,KP;8.228187134502924;Moscow;10381222;144;524901
179;RW;RWA;Rwanda;Kigali;26338.0;11055976;AF;RWF;Franc;49518;TZ,CD,BI,UG;419.7727997570051;Kigali;745261;1542;202061
180;SA;SAU;Saudi Arabia;Riyadh;1960582.0;25731776;AS;SAR;Rial;102358;QA,OM,IQ,YE,JO,AE,KW;13.124559952095858;Riyadh;4205961;612;108410
181;SB;SLB;Solomon Islands;Honiara;28450.0;559198;OC;SBD;Dollar;2103350;;19.655465729349736;Honiara;56298;49;2108502
182;SC;SYC;Seychelles;Victoria;455.0;88340;AF;SCR;Rupee;241170;;194.15384615384616;Victoria;22881;-9999;241131
183;SD;SDN;Sudan;Khartoum;1861484.0;35000000;AF;SDG;Pound;366755;SS,TD,EG,ET,ER,LY,CF;18.80220297354154;Khartoum;1974647;381;379252
184;SS;SSD;South Sudan;Juba;644329.0;8260490;AF;SSP;Pound;7909807;CD,CF,ET,KE,SD,UG;12.82029832585527;Juba;450000;518;373303
185;SE;SWE;Sweden;Stockholm;449964.0;9828655;EU;SEK;Krona;2661886;NO,FI;21.8432030117965;Stockholm;1515017;12;2673730
186;SG;SGP;Singapore;Singapore;692.7;4701069;AS;SGD;Dollar;1880251;;6786.5872672152445;Singapore;3547809;23;1880252
187;SH;SHN;Saint Helena;Jamestown;410.0;7460;AF;SHP;Pound;3370751;;18.195121951219512;Jamestown;637;426;3370903
188;SI;SVN;Slovenia;Ljubljana;20273.0;2007000;EU;EUR;Euro;3190538;HU,IT,HR,AT;98.99866817935185;Ljubljana;272220;295;3196359
189;SJ;SJM;Svalbard and Jan Mayen;Longyearbyen;62049.0;2550;EU;NOK;Krone;607072;;0.0410965527244597;Longyearbyen;2060;1;2729907
190;SK;SVK;Slovakia;Bratislava;48845.0;5455000;EU;EUR;Euro;3057568;PL,HU,CZ,UA,AT;111.67980345992424;Bratislava;423737;157;3060972
191;SL;SLE;Sierra Leone;Freetown;71740.0;5245695;AF;SLL;Leone;2403846;LR,GN;73.12092277669362;Freetown;13768;15;2408770
192;SL;SLE;Sierra Leone;Freetown;71740.0;5245695;AF;SLL;Leone;2403846;LR,GN;73.12092277669362;Freetown;802639;21;2409306
193;SM;SMR;San Marino;San Marino;61.2;31477;EU;EUR;Euro;3168068;IT;514.3300653594771;San Marino;4500;683;3168070
194;SN;SEN;Senegal;Dakar;196190.0;12323252;AF;XOF;Franc;2245662;GN,MR,GW,GM,ML;62.81284469137061;Dakar;2476400;12;2253354
195;SO;SOM;Somalia;Mogadishu;637657.0;10112453;AF;SOS;Shilling;51537;ET,KE,DJ;15.858765762784694;Mogadishu;2587183;12;53654
196;SR;SUR;Suriname;Paramaribo;163270.0;492829;SA;SRD;Dollar;3382998;GY,BR,GF;3.0184908433882525;Paramaribo;223757;5;3383330
197;ST;STP;Sao Tome and Principe;Sao Tome;1001.0;197700;AF;STD;Dobra;2410758;;197.5024975024975;Sao Tome;53300;8;2410763
198;SV;SLV;El Salvador;San Salvador;21040.0;6052064;;USD;Dollar;3585968;GT,HN;287.64562737642586;San Salvador;525990;653;3583361
199;SX;SXM;Sint Maarten;Philipsburg;21.0;37429;;ANG;Guilder;7609695;MF;1782.3333333333333;Philipsburg;1400;0;3513392
200;SY;SYR;Syria;Damascus;185180.0;22198110;AS;SYP;Pound;163843;IQ,JO,IL,TR,LB;119.87315044821256;Damascus;1569394;701;170654
201;SZ;SWZ;Eswatini;Mbabane;17363.0;1354051;AF;SZL;Lilangeni;934841;ZA,MZ;77.98485284801014;Mbabane;76218;1209;934985
202;TC;TCA;Turks and Caicos Islands;Cockburn Town;430.0;20556;;USD;Dollar;3576916;;47.8046511627907;Cockburn Town;3720;7;3576994
203;TD;TCD;Chad;N'Djamena;1284000.0;10543464;AF;XAF;Franc;2434508;NE,LY,CF,SD,CM,NG;8.211420560747664;N'Djamena;721081;299;2427123
204;TF;ATF;French Southern Territories;Port-aux-Francais;7829.0;140;AN;EUR;Euro;1546748;;0.017882232724485886;Port-aux-Francais;45;5;1546102
205;TG;TGO;Togo;Lome;56785.0;6587239;AF;XOF;Franc;2363686;BJ,GH,BF;116.00315224090869;Lome;749700;64;2365267
206;TH;THA;Thailand;Bangkok;514000.0;67089500;AS;THB;Baht;1605651;LA,MM,KH,MY;130.52431906614785;Bangkok;5104476;12;1609350
207;TJ;TJK;Tajikistan;Dushanbe;143100.0;7487489;AS;TJS;Somoni;1220409;CN,AF,KG,UZ;52.32347309573725;Dushanbe;679400;767;1221874
208;TL;TLS;Timor Leste;Dili;15007.0;1154625;OC;USD;Dollar;1966436;ID;76.93909508895848;Dili;150000;3;1645457
209;TM;TKM;Turkmenistan;Ashgabat;488100.0;4940916;AS;TMT;Manat;1218197;AF,IR,UZ,KZ;10.122753534111862;Ashgabat;727700;219;162183
210;TN;TUN;Tunisia;Tunis;163610.0;10589025;AF;TND;Dinar;2464461;DZ,LY;64.72113562740664;Tunis;693210;23;2464470
211;TO;TON;Tonga;Nuku'alofa;748.0;122580;OC;TOP;Pa'anga;4032283;;163.87700534759358;Nuku'alofa;22400;5;4032402
212;TR;TUR;Turkey;Ankara;780580.0;77804122;AS;TRY;Lira;298795;SY,GE,IQ,IR,GR,AM,AZ,BG;99.67475723180199;Ankara;3517182;874;323786
213;TT;TTO;Trinidad and Tobago;Port of Spain;5128.0;1328019;;TTD;Dollar;3573591;;258.9740639625585;Port of Spain;49031;21;3573890
214;TV;TUV;Tuvalu;Funafuti;26.0;10472;OC;AUD;Dollar;2110297;;402.7692307692308;Funafuti;4492;7;2110394
215;TW;TWN;Taiwan;Taipei;35980.0;22894384;AS;TWD;Dollar;1668284;;636.308615897721;Taipei;7871900;10;1668341
216;TZ;TZA;Tanzania;Dodoma;945087.0;41892895;AF;TZS;Shilling;149590;MZ,KE,CD,RW,ZM,BI,UG,MW;44.32702491939895;Dodoma;180541;1125;160196
217;UA;UKR;Ukraine;Kyiv;603700.0;45415596;EU;UAH;Hryvnia;690791;PL,MD,HU,SK,BY,RO,RU;75.22874937883054;Kyiv;2797553;187;703448
218;UG;UGA;Uganda;Kampala;236040.0;33398682;AF;UGX;Shilling;226074;TZ,KE,SS,CD,RW;141.49585663446874;Kampala;1353189;1223;232422
219;US;USA;United States;Washington;9629091.0;310232863;;USD;Dollar;6252001;CA,MX,CU;32.218291736987425;Washington;3981;189;4229546
220;US;USA;United States;Washington;9629091.0;310232863;;USD;Dollar;6252001;CA,MX,CU;32.218291736987425;Washington;12078;156;4266586
221;US;USA;United States;Washington;9629091.0;310232863;;USD;Dollar;6252001;CA,MX,CU;32.218291736987425;Washington;1085;407;4281253
222;US;USA;United States;Washington;9629091.0;310232863;;USD;Dollar;6252001;CA,MX,CU;32.218291736987425;Washington;956;17;4345498
223;US;USA;United States;Washington;9629091.0;310232863;;USD;Dollar;6252001;CA,MX,CU;32.218291736987425;Washington;14050;171;4413621
224;US;USA;United States;Washington;9629091.0;310232863;;USD;Dollar;6252001;CA,MX,CU;32.218291736987425;Washington;9788;4;4497666
225;US;USA;United States;Washington;9629091.0;310232863;;USD;Dollar;6252001;CA,MX,CU;32.218291736987425;Washington;634;340;4554703
226;US;USA;United States;Washington;9629091.0;310232863;;USD;Dollar;6252001;CA,MX,CU;32.218291736987425;Washington;128;209;4792307
227;US;USA;United States;Washington;9629091.0;310232863;;USD;Dollar;6252001;CA,MX,CU;32.218291736987425;Washington;1175;210;4826522
228;US;USA;United States;Washington;9629091.0;310232863;;USD;Dollar;6252001;CA,MX,CU;32.218291736987425;Washington;3466;233;4845151
229;US;USA;United States;Washington;9629091.0;310232863;;USD;Dollar;6252001;CA,MX,CU;32.218291736987425;Washington;7408;234;4880731
230;US;USA;United States;Washington;9629091.0;310232863;;USD;Dollar;6252001;CA,MX,CU;32.218291736987425;Washington;16664;232;4915545
231;US;USA;United States;Washington;9629091.0;310232863;;USD;Dollar;6252001;CA,MX,CU;32.218291736987425;Washington;554;431;4954553
232;US;USA;United States;Washington;9629091.0;310232863;;USD;Dollar;6252001;CA,MX,CU;32.218291736987425;Washington;1398;91;4982172
233;US;USA;United States;Washington;9629091.0;310232863;;USD;Dollar;6252001;CA,MX,CU;32.218291736987425;Washington;953;455;5094275
234;US;USA;United States;Washington;9629091.0;310232863;;USD;Dollar;6252001;CA,MX,CU;32.218291736987425;Washington;6498;143;5106057
235;US;USA;United States;Washington;9629091.0;310232863;;USD;Dollar;6252001;CA,MX,CU;32.218291736987425;Washington;13497;359;5218069
236;US;USA;United States;Washington;9629091.0;310232863;;USD;Dollar;6252001;CA,MX,CU;32.218291736987425;Washington;1035;390;5242528
237;US;USA;United States;Washington;9629091.0;310232863;;USD;Dollar;6252001;CA,MX,CU;32.218291736987425;Washington;833;206;5277876
238;US;USA;United States;Washington;9629091.0;310232863;;USD;Dollar;6252001;CA,MX,CU;32.218291736987425;Washington;24299;857;5549222
239;UY;URY;Uruguay;Montevideo;176220.0;3477000;SA;UYU;Peso;3439705;BR,AR;19.731018045624786;Montevideo;1270737;34;3441575
240;UZ;UZB;Uzbekistan;Tashkent;447400.0;27865738;AS;UZS;Som;1512440;TM,AF,KG,TJ,KZ;62.283723737147966;Tashkent;1978028;424;1512569
241;VA;VAT;Vatican;Vatican City;0.44;921;EU;EUR;Euro;3164670;IT;2093.181818181818;Vatican City;829;61;6691831
242;VC;VCT;Saint Vincent and the Grenadines;Kingstown;389.0;104217;;XCD;Dollar;3577815;;267.91002570694087;Kingstown;24518;9;3577887
243;VE;VEN;Venezuela;Caracas;912050.0;27223228;SA;VES;Bolivar Soberano;3625428;GY,BR,CO;29.84839427662957;Caracas;3000000;887;3646738
244;VG;VGB;British Virgin Islands;Road Town;153.0;21730;;USD;Dollar;3577718;;142.0261437908497;Road Town;8449;9;3577430
245;VI;VIR;U.S. Virgin Islands;Charlotte Amalie;352.0;108708;;USD;Dollar;4796775;;308.82954545454544;Charlotte Amalie;20000;10;4795467
246;VN;VNM;Vietnam;Hanoi;329560.0;89571130;AS;VND;Dong;1562822;CN,LA,KH;271.7900534045394;Hanoi;1431270;10;1581130
247;WS;WSM;Samoa;Apia;2944.0;192001;OC;WST;Tala;4034894;;65.21773097826087;Apia;40407;9;4035413
248;YE;YEM;Yemen;Sanaa;527970.0;23495361;AS;YER;Rial;69543;SA,OM;44.50131825671913;Sanaa;1937451;2253;71137
249;YT;MYT;Mayotte;Mamoudzou;374.0;159042;AF;EUR;Euro;1024031;;425.24598930481284;Mamoudzou;54831;23;921815
250;ZA;ZAF;South Africa;Pretoria;1219912.0;49000000;AF;ZAR;Rand;953987;ZW,SZ,MZ,BW,NA,LS;40.16683170589354;Pretoria;1619438;1332;964137
251;ZM;ZMB;Zambia;Lusaka;752614.0;13460305;AF;ZMW;Kwacha;895949;ZW,TZ,MZ,CD,NA,MW,AO;17.88473905614299;Lusaka;1267440;1277;909137
252;ZW;ZWE;Zimbabwe;Harare;390580.0;13061000;AF;ZWL;Dollar;878675;ZA,MZ,BW,ZM;33.44001228941574;Harare;1542813;1494;890299
